Workbook

Sheet Complete List
A1: Size | B1: Number | C1: Name | D1: Amount (₹) | E1: Payment Mode | F1: Cash Amount (₹) | G1: GPay Amount (₹) | H1: Name (English)
A2: 44 | B2: {=IF(A2:A1007="", "", COUNTIFS(A2:A1007, A2:A1007, ROW(A2:A1007), "<="&ROW(A2:A1007)))} -> 1 | C2: राहुल राऊत | D2: 200 | E2: Cash | F2: =IF(E2="Cash", D2, 0) -> 200 | G2: =IF(E2="GPay", D2, 0) -> 0 | H2: =IFERROR(__xludf.DUMMYFUNCTION("IF(C2="""","""", GOOGLETRANSLATE(C2, ""auto"", ""en""))"),"Rahul Raut") -> Rahul Raut
A3: 44 | B3: 2 | C3: वेदांत तांडेल | D3: 0 | F3: =IF(E3="Cash", D3, 0) -> 0 | G3: =IF(E3="GPay", D3, 0) -> 0 | H3: =IFERROR(__xludf.DUMMYFUNCTION("IF(C3="""","""", GOOGLETRANSLATE(C3, ""auto"", ""en""))"),"Vedanta Tandel ") -> Vedanta Tandel
A4: 44 | B4: 3 | C4: राहुल नाईक | D4: 350 | E4: GPay | F4: =IF(E4="Cash", D4, 0) -> 0 | G4: =IF(E4="GPay", D4, 0) -> 350 | H4: =IFERROR(__xludf.DUMMYFUNCTION("IF(C4="""","""", GOOGLETRANSLATE(C4, ""auto"", ""en""))"),"Rahul Naik") -> Rahul Naik
A5: 44 | B5: 4 | C5: भावनेश मेहेर | D5: 350 | E5: GPay | F5: =IF(E5="Cash", D5, 0) -> 0 | G5: =IF(E5="GPay", D5, 0) -> 350 | H5: =IFERROR(__xludf.DUMMYFUNCTION("IF(C5="""","""", GOOGLETRANSLATE(C5, ""auto"", ""en""))"),"Bhavnesh Meher") -> Bhavnesh Meher
A6: 44 | B6: 5 | C6: भावनेश मेहेर | D6: 350 | E6: GPay | F6: =IF(E6="Cash", D6, 0) -> 0 | G6: =IF(E6="GPay", D6, 0) -> 350 | H6: =IFERROR(__xludf.DUMMYFUNCTION("IF(C6="""","""", GOOGLETRANSLATE(C6, ""auto"", ""en""))"),"Bhavnesh Meher") -> Bhavnesh Meher
A7: 46 | B7: 1 | C7: मनीष मेहेर | D7: 350 | E7: Cash | F7: =IF(E7="Cash", D7, 0) -> 350 | G7: =IF(E7="GPay", D7, 0) -> 0 | H7: =IFERROR(__xludf.DUMMYFUNCTION("IF(C7="""","""", GOOGLETRANSLATE(C7, ""auto"", ""en""))"),"Manish Meher") -> Manish Meher
A8: 42 | B8: 1 | C8: सुनील चौधरी | D8: 350 | E8: GPay | F8: =IF(E8="Cash", D8, 0) -> 0 | G8: =IF(E8="GPay", D8, 0) -> 350 | H8: =IFERROR(__xludf.DUMMYFUNCTION("IF(C8="""","""", GOOGLETRANSLATE(C8, ""auto"", ""en""))"),"Sunil Chaudhary") -> Sunil Chaudhary
A9: 42 | B9: 2 | C9: जन्मेश तांडेल | D9: 0 | F9: =IF(E9="Cash", D9, 0) -> 0 | G9: =IF(E9="GPay", D9, 0) -> 0 | H9: =IFERROR(__xludf.DUMMYFUNCTION("IF(C9="""","""", GOOGLETRANSLATE(C9, ""auto"", ""en""))"),"Janmesh Tandel") -> Janmesh Tandel
A10: 42 | B10: 3 | C10: रोहन तरे | D10: 200 | E10: Cash | F10: =IF(E10="Cash", D10, 0) -> 200 | G10: =IF(E10="GPay", D10, 0) -> 0 | H10: =IFERROR(__xludf.DUMMYFUNCTION("IF(C10="""","""", GOOGLETRANSLATE(C10, ""auto"", ""en""))"),"Rohan Tare") -> Rohan Tare
A11: 42 | B11: 4 | C11: अजय दादोडे | D11: 200 | E11: Cash | F11: =IF(E11="Cash", D11, 0) -> 0 | G11: =IF(E11="GPay", D11, 0) -> 0 | H11: =IFERROR(__xludf.DUMMYFUNCTION("IF(C11="""","""", GOOGLETRANSLATE(C11, ""auto"", ""en""))"),"Ajay Dadode") -> Ajay Dadode
A12: 42 | B12: 5 | C12: निलेश मेहेर | D12: 200 | E12: GPay | F12: =IF(E12="Cash", D12, 0) -> 0 | G12: =IF(E12="GPay", D12, 0) -> 200 | H12: =IFERROR(__xludf.DUMMYFUNCTION("IF(C12="""","""", GOOGLETRANSLATE(C12, ""auto"", ""en""))"),"Nilesh Meher") -> Nilesh Meher
A13: 42 | B13: 6 | C13: अतुल तांडेल | D13: 350 | E13: GPay | F13: =IF(E13="Cash", D13, 0) -> 0 | G13: =IF(E13="GPay", D13, 0) -> 350 | H13: =IFERROR(__xludf.DUMMYFUNCTION("IF(C13="""","""", GOOGLETRANSLATE(C13, ""auto"", ""en""))"),"Atul Tandel") -> Atul Tandel
A14: 42 | B14: 7 | C14: विनु केणी | F14: =IF(E14="Cash", D14, 0) -> 0 | G14: =IF(E14="GPay", D14, 0) -> 0 | H14: =IFERROR(__xludf.DUMMYFUNCTION("IF(C14="""","""", GOOGLETRANSLATE(C14, ""auto"", ""en""))"),"Vinu Keni") -> Vinu Keni
A15: 42 | B15: 8 | C15: अमोल राऊत | D15: 200 | E15: GPay | F15: =IF(E15="Cash", D15, 0) -> 0 | G15: =IF(E15="GPay", D15, 0) -> 200 | H15: =IFERROR(__xludf.DUMMYFUNCTION("IF(C15="""","""", GOOGLETRANSLATE(C15, ""auto"", ""en""))"),"Amol Raut") -> Amol Raut
A16: 42 | B16: 9 | C16: जिग्नेश चौधरी | D16: 200 | E16: GPay | F16: =IF(E16="Cash", D16, 0) -> 0 | G16: =IF(E16="GPay", D16, 0) -> 200 | H16: =IFERROR(__xludf.DUMMYFUNCTION("IF(C16="""","""", GOOGLETRANSLATE(C16, ""auto"", ""en""))"),"Jignesh Chaudhary") -> Jignesh Chaudhary
A17: 42 | B17: 10 | C17: निखिल मेहेर | D17: 350 | F17: =IF(E17="Cash", D17, 0) -> 0 | G17: =IF(E17="GPay", D17, 0) -> 0 | H17: =IFERROR(__xludf.DUMMYFUNCTION("IF(C17="""","""", GOOGLETRANSLATE(C17, ""auto"", ""en""))"),"Nikhil Meher") -> Nikhil Meher
A18: 42 | B18: 11 | C18: देव | D18: 0 | F18: =IF(E18="Cash", D18, 0) -> 0 | G18: =IF(E18="GPay", D18, 0) -> 0 | H18: =IFERROR(__xludf.DUMMYFUNCTION("IF(C18="""","""", GOOGLETRANSLATE(C18, ""auto"", ""en""))"),"God") -> God
A19: 42 | B19: 12 | C19: अतुल तांडेल | D19: 200 | E19: GPay | F19: =IF(E19="Cash", D19, 0) -> 0 | G19: =IF(E19="GPay", D19, 0) -> 200 | H19: =IFERROR(__xludf.DUMMYFUNCTION("IF(C19="""","""", GOOGLETRANSLATE(C19, ""auto"", ""en""))"),"Atul Tandel") -> Atul Tandel
A20: 42 | B20: 13 | C20: योगेश धनु | D20: 200 | E20: Cash | F20: =IF(E20="Cash", D20, 0) -> 200 | G20: =IF(E20="GPay", D20, 0) -> 0 | H20: =IFERROR(__xludf.DUMMYFUNCTION("IF(C20="""","""", GOOGLETRANSLATE(C20, ""auto"", ""en""))"),"Yogesh Sagittarius ") -> Yogesh Sagittarius
A21: 42 | B21: 14 | C21: सागर दवणे | D21: 0 | F21: =IF(E21="Cash", D21, 0) -> 0 | G21: =IF(E21="GPay", D21, 0) -> 0 | H21: =IFERROR(__xludf.DUMMYFUNCTION("IF(C21="""","""", GOOGLETRANSLATE(C21, ""auto"", ""en""))"),"Ocean drowning") -> Ocean drowning
A22: 42 | B22: 15 | C22: प्रणाली पाटील | D22: 350 | E22: GPay | F22: =IF(E22="Cash", D22, 0) -> 0 | G22: =IF(E22="GPay", D22, 0) -> 350 | H22: =IFERROR(__xludf.DUMMYFUNCTION("IF(C22="""","""", GOOGLETRANSLATE(C22, ""auto"", ""en""))"),"System Patil") -> System Patil
A23: 42 | B23: 16 | C23: तृणाल तरे | D23: 200 | E23: Cash | F23: =IF(E23="Cash", D23, 0) -> 200 | G23: =IF(E23="GPay", D23, 0) -> 0 | H23: =IFERROR(__xludf.DUMMYFUNCTION("IF(C23="""","""", GOOGLETRANSLATE(C23, ""auto"", ""en""))"),"Trinal Tare") -> Trinal Tare
A24: 42 | B24: 17 | C24: अक्षय चौधरी | D24: 200 | E24: GPay | F24: =IF(E24="Cash", D24, 0) -> 0 | G24: =IF(E24="GPay", D24, 0) -> 200 | H24: =IFERROR(__xludf.DUMMYFUNCTION("IF(C24="""","""", GOOGLETRANSLATE(C24, ""auto"", ""en""))"),"Akshay Chaudhary") -> Akshay Chaudhary
A25: 42 | B25: 18 | C25: सार्थक दवणे | D25: 350 | E25: GPay | F25: =IF(E25="Cash", D25, 0) -> 0 | G25: =IF(E25="GPay", D25, 0) -> 350 | H25: =IFERROR(__xludf.DUMMYFUNCTION("IF(C25="""","""", GOOGLETRANSLATE(C25, ""auto"", ""en""))"),"Worthy of praise") -> Worthy of praise
A26: 42 | B26: 19 | C26: भावनेश मेहेर | D26: 350 | E26: GPay | F26: =IF(E26="Cash", D26, 0) -> 0 | G26: =IF(E26="GPay", D26, 0) -> 350 | H26: =IFERROR(__xludf.DUMMYFUNCTION("IF(C26="""","""", GOOGLETRANSLATE(C26, ""auto"", ""en""))"),"Bhavnesh Meher") -> Bhavnesh Meher
A27: 42 | B27: 20 | C27: वैभव राऊत | D27: 250 | E27: GPay | F27: =IF(E27="Cash", D27, 0) -> 0 | G27: =IF(E27="GPay", D27, 0) -> 250 | H27: =IFERROR(__xludf.DUMMYFUNCTION("IF(C27="""","""", GOOGLETRANSLATE(C27, ""auto"", ""en""))"),"Vaibhav Raut") -> Vaibhav Raut
A28: 42 | B28: 21 | C28: मानवेंद्र चौधरी | D28: 200 | E28: Cash | F28: 200
A29: 42 | B29: 22 | C29: हर्षित तांडेल | F29: =IF(E29="Cash", D29, 0) -> 0 | G29: =IF(E29="GPay", D29, 0) -> 0 | H29: =IFERROR(__xludf.DUMMYFUNCTION("IF(C29="""","""", GOOGLETRANSLATE(C29, ""auto"", ""en""))"),"Harshit Tandel") -> Harshit Tandel
A30: 40 | B30: 1 | C30: ॐ धानमेहर | D30: 200 | E30: GPay | F30: =IF(E30="Cash", D30, 0) -> 0 | G30: =IF(E30="GPay", D30, 0) -> 200 | H30: =IFERROR(__xludf.DUMMYFUNCTION("IF(C30="""","""", GOOGLETRANSLATE(C30, ""auto"", ""en""))"),"ॐ Dhanmehar ") -> ॐ Dhanmehar
A31: 40 | B31: 2 | C31: दिशांत तांडेल | D31: 350 | E31: Cash | F31: =IF(E31="Cash", D31, 0) -> 350 | G31: =IF(E31="GPay", D31, 0) -> 0 | H31: =IFERROR(__xludf.DUMMYFUNCTION("IF(C31="""","""", GOOGLETRANSLATE(C31, ""auto"", ""en""))"),"Direction Tandel ") -> Direction Tandel
A32: 40 | B32: 3 | C32: जन्मेश राऊत | D32: 200 | E32: GPay | F32: =IF(E32="Cash", D32, 0) -> 0 | G32: =IF(E32="GPay", D32, 0) -> 200 | H32: =IFERROR(__xludf.DUMMYFUNCTION("IF(C32="""","""", GOOGLETRANSLATE(C32, ""auto"", ""en""))"),"Janmesh Raut") -> Janmesh Raut
A33: 40 | B33: 4 | C33: जन्मेश राऊत | D33: 200 | E33: GPay | F33: =IF(E33="Cash", D33, 0) -> 0 | G33: =IF(E33="GPay", D33, 0) -> 200 | H33: =IFERROR(__xludf.DUMMYFUNCTION("IF(C33="""","""", GOOGLETRANSLATE(C33, ""auto"", ""en""))"),"Janmesh Raut") -> Janmesh Raut
A34: 40 | B34: 5 | C34: रोहन चौधरी | D34: 0 | F34: =IF(E34="Cash", D34, 0) -> 0 | G34: =IF(E34="GPay", D34, 0) -> 0 | H34: =IFERROR(__xludf.DUMMYFUNCTION("IF(C34="""","""", GOOGLETRANSLATE(C34, ""auto"", ""en""))"),"Rohan Chowdhary") -> Rohan Chowdhary
A35: 40 | B35: 6 | C35: निकेत चौधरी | D35: 350 | E35: GPay | F35: =IF(E35="Cash", D35, 0) -> 0 | G35: =IF(E35="GPay", D35, 0) -> 350 | H35: =IFERROR(__xludf.DUMMYFUNCTION("IF(C35="""","""", GOOGLETRANSLATE(C35, ""auto"", ""en""))"),"Niket Choudhary") -> Niket Choudhary
A36: 40 | B36: 7 | C36: निकेत चौधरी | D36: 350 | E36: GPay | F36: =IF(E36="Cash", D36, 0) -> 0 | G36: =IF(E36="GPay", D36, 0) -> 350 | H36: =IFERROR(__xludf.DUMMYFUNCTION("IF(C36="""","""", GOOGLETRANSLATE(C36, ""auto"", ""en""))"),"Niket Choudhary") -> Niket Choudhary
A37: 40 | B37: 8 | C37: चेतन तरे | D37: 200 | E37: Cash | F37: =IF(E37="Cash", D37, 0) -> 200 | G37: =IF(E37="GPay", D37, 0) -> 0 | H37: =IFERROR(__xludf.DUMMYFUNCTION("IF(C37="""","""", GOOGLETRANSLATE(C37, ""auto"", ""en""))"),"conscious stars") -> conscious stars
A38: 40 | B38: 9 | C38: प्रफुल्ल चौधरी | D38: 200 | E38: Cash | F38: =IF(E38="Cash", D38, 0) -> 200 | G38: =IF(E38="GPay", D38, 0) -> 0 | H38: =IFERROR(__xludf.DUMMYFUNCTION("IF(C38="""","""", GOOGLETRANSLATE(C38, ""auto"", ""en""))"),"Prafulla Chaudhary") -> Prafulla Chaudhary
A39: 40 | B39: 10 | C39: भावेश चौधरी | D39: 350 | E39: GPay | F39: =IF(E39="Cash", D39, 0) -> 0 | G39: =IF(E39="GPay", D39, 0) -> 350 | H39: =IFERROR(__xludf.DUMMYFUNCTION("IF(C39="""","""", GOOGLETRANSLATE(C39, ""auto"", ""en""))"),"Bhavesh Choudhary") -> Bhavesh Choudhary
A40: 40 | B40: 11 | C40: यश किणी | D40: 200 | E40: Cash | F40: =IF(E40="Cash", D40, 0) -> 200 | G40: =IF(E40="GPay", D40, 0) -> 0 | H40: =IFERROR(__xludf.DUMMYFUNCTION("IF(C40="""","""", GOOGLETRANSLATE(C40, ""auto"", ""en""))"),"Success story") -> Success story
A41: 40 | B41: 12 | C41: महेश चौधरी | D41: 200 | E41: GPay | F41: =IF(E41="Cash", D41, 0) -> 0 | G41: =IF(E41="GPay", D41, 0) -> 200 | H41: =IFERROR(__xludf.DUMMYFUNCTION("IF(C41="""","""", GOOGLETRANSLATE(C41, ""auto"", ""en""))"),"Mahesh Choudhary") -> Mahesh Choudhary
A42: 40 | B42: 13 | C42: मंगेश चौधरी | D42: 200 | E42: GPay | F42: =IF(E42="Cash", D42, 0) -> 0 | G42: =IF(E42="GPay", D42, 0) -> 200 | H42: =IFERROR(__xludf.DUMMYFUNCTION("IF(C42="""","""", GOOGLETRANSLATE(C42, ""auto"", ""en""))"),"Mangesh Choudhary") -> Mangesh Choudhary
A43: 40 | B43: 14 | C43: चैतन्य नाईक | D43: 350 | E43: Cash | F43: =IF(E43="Cash", D43, 0) -> 350 | G43: =IF(E43="GPay", D43, 0) -> 0 | H43: =IFERROR(__xludf.DUMMYFUNCTION("IF(C43="""","""", GOOGLETRANSLATE(C43, ""auto"", ""en""))"),"Chaitanya Naik") -> Chaitanya Naik
A44: 40 | B44: 15 | C44: निखिल मेहेर | D44: 350 | E44: Cash | F44: =IF(E44="Cash", D44, 0) -> 350 | G44: =IF(E44="GPay", D44, 0) -> 0 | H44: =IFERROR(__xludf.DUMMYFUNCTION("IF(C44="""","""", GOOGLETRANSLATE(C44, ""auto"", ""en""))"),"Nikhil Meher") -> Nikhil Meher
A45: 40 | B45: 16 | C45: निखिल मेहेर | D45: 350 | E45: Cash | F45: =IF(E45="Cash", D45, 0) -> 350 | G45: =IF(E45="GPay", D45, 0) -> 0 | H45: =IFERROR(__xludf.DUMMYFUNCTION("IF(C45="""","""", GOOGLETRANSLATE(C45, ""auto"", ""en""))"),"Nikhil Meher") -> Nikhil Meher
A46: 40 | B46: 17 | C46: ध्रुव तांडेल | D46: 350 | E46: Cash | F46: =IF(E46="Cash", D46, 0) -> 350 | G46: =IF(E46="GPay", D46, 0) -> 0 | H46: =IFERROR(__xludf.DUMMYFUNCTION("IF(C46="""","""", GOOGLETRANSLATE(C46, ""auto"", ""en""))"),"Dhruv Tandel") -> Dhruv Tandel
A47: 40 | B47: 18 | C47: अमोल पाटील. | D47: 200 | E47: Cash | F47: =IF(E47="Cash", D47, 0) -> 200 | G47: =IF(E47="GPay", D47, 0) -> 0 | H47: =IFERROR(__xludf.DUMMYFUNCTION("IF(C47="""","""", GOOGLETRANSLATE(C47, ""auto"", ""en""))"),"Amol Patil.") -> Amol Patil.
A48: 40 | B48: 19 | C48: हार्दिक तरे | D48: 200 | E48: Cash | F48: =IF(E48="Cash", D48, 0) -> 200 | G48: =IF(E48="GPay", D48, 0) -> 0 | H48: =IFERROR(__xludf.DUMMYFUNCTION("IF(C48="""","""", GOOGLETRANSLATE(C48, ""auto"", ""en""))"),"Hearty Tare") -> Hearty Tare
A49: 40 | B49: 20 | C49: भावेश मेहेर | D49: 200 | E49: GPay | F49: =IF(E49="Cash", D49, 0) -> 0 | G49: =IF(E49="GPay", D49, 0) -> 200 | H49: =IFERROR(__xludf.DUMMYFUNCTION("IF(C49="""","""", GOOGLETRANSLATE(C49, ""auto"", ""en""))"),"Bhavesh Meher") -> Bhavesh Meher
A50: 40 | B50: 21 | C50: नितेश चौधरी | D50: 200 | E50: GPay | F50: =IF(E50="Cash", D50, 0) -> 0 | G50: =IF(E50="GPay", D50, 0) -> 200 | H50: =IFERROR(__xludf.DUMMYFUNCTION("IF(C50="""","""", GOOGLETRANSLATE(C50, ""auto"", ""en""))"),"Nitesh Choudhary") -> Nitesh Choudhary
A51: 40 | B51: 22 | C51: कृपेश तांडेल | D51: 200 | E51: GPay | F51: =IF(E51="Cash", D51, 0) -> 0 | G51: =IF(E51="GPay", D51, 0) -> 200 | H51: =IFERROR(__xludf.DUMMYFUNCTION("IF(C51="""","""", GOOGLETRANSLATE(C51, ""auto"", ""en""))"),"Kripesh Tandel") -> Kripesh Tandel
A52: 40 | B52: 23 | C52: कुलदीप नाईक | D52: 200 | E52: Cash | F52: =IF(E52="Cash", D52, 0) -> 200 | G52: =IF(E52="GPay", D52, 0) -> 0 | H52: =IFERROR(__xludf.DUMMYFUNCTION("IF(C52="""","""", GOOGLETRANSLATE(C52, ""auto"", ""en""))"),"Kuldeep Naik") -> Kuldeep Naik
A53: 40 | B53: 24 | C53: सागर दवणे | D53: 0 | F53: =IF(E53="Cash", D53, 0) -> 0 | G53: =IF(E53="GPay", D53, 0) -> 0 | H53: =IFERROR(__xludf.DUMMYFUNCTION("IF(C53="""","""", GOOGLETRANSLATE(C53, ""auto"", ""en""))"),"Ocean drowning") -> Ocean drowning
A54: 40 | B54: 25 | C54: हर्षित तांडेल | D54: 0 | F54: =IF(E54="Cash", D54, 0) -> 0 | G54: =IF(E54="GPay", D54, 0) -> 0 | H54: =IFERROR(__xludf.DUMMYFUNCTION("IF(C54="""","""", GOOGLETRANSLATE(C54, ""auto"", ""en""))"),"Harshit Tandel") -> Harshit Tandel
A55: 40 | B55: 26 | C55: राकेश पाटील | D55: 0 | F55: =IF(E55="Cash", D55, 0) -> 0 | G55: =IF(E55="GPay", D55, 0) -> 0 | H55: =IFERROR(__xludf.DUMMYFUNCTION("IF(C55="""","""", GOOGLETRANSLATE(C55, ""auto"", ""en""))"),"Rakesh Patil") -> Rakesh Patil
A56: 40 | B56: 27 | C56: संजय दुबळ | D56: 200 | E56: GPay | F56: =IF(E56="Cash", D56, 0) -> 0 | G56: =IF(E56="GPay", D56, 0) -> 200 | H56: =IFERROR(__xludf.DUMMYFUNCTION("IF(C56="""","""", GOOGLETRANSLATE(C56, ""auto"", ""en""))"),"Sanjay Dubhal") -> Sanjay Dubhal
A57: 40 | B57: 28 | C57: प्रणय तांडेल | D57: 200 | E57: Cash | F57: =IF(E57="Cash", D57, 0) -> 200 | G57: =IF(E57="GPay", D57, 0) -> 0 | H57: =IFERROR(__xludf.DUMMYFUNCTION("IF(C57="""","""", GOOGLETRANSLATE(C57, ""auto"", ""en""))"),"Pranaya Tandel") -> Pranaya Tandel
A58: 40 | B58: 29 | C58: रोहित तांडेल | D58: 0 | F58: =IF(E58="Cash", D58, 0) -> 0 | G58: =IF(E58="GPay", D58, 0) -> 0 | H58: =IFERROR(__xludf.DUMMYFUNCTION("IF(C58="""","""", GOOGLETRANSLATE(C58, ""auto"", ""en""))"),"Rohit Tandel") -> Rohit Tandel
A59: 40 | B59: 30 | C59: शांतू बाबा | D59: 0 | F59: =IF(E59="Cash", D59, 0) -> 0 | G59: =IF(E59="GPay", D59, 0) -> 0 | H59: =IFERROR(__xludf.DUMMYFUNCTION("IF(C59="""","""", GOOGLETRANSLATE(C59, ""auto"", ""en""))"),"Shantu Baba") -> Shantu Baba
A60: 40 | B60: 31 | C60: वंश तांडेल | D60: 0 | F60: =IF(E60="Cash", D60, 0) -> 0 | G60: =IF(E60="GPay", D60, 0) -> 0 | H60: =IFERROR(__xludf.DUMMYFUNCTION("IF(C60="""","""", GOOGLETRANSLATE(C60, ""auto"", ""en""))"),"Vansh Tandel") -> Vansh Tandel
A61: 40 | B61: 32 | C61: अमोल राऊत | D61: 350 | E61: GPay | F61: =IF(E61="Cash", D61, 0) -> 0 | G61: =IF(E61="GPay", D61, 0) -> 350 | H61: =IFERROR(__xludf.DUMMYFUNCTION("IF(C61="""","""", GOOGLETRANSLATE(C61, ""auto"", ""en""))"),"Amol Raut") -> Amol Raut
A62: 40 | B62: 33 | C62: सचिन राऊत | D62: 0 | F62: =IF(E62="Cash", D62, 0) -> 0 | G62: =IF(E62="GPay", D62, 0) -> 0 | H62: =IFERROR(__xludf.DUMMYFUNCTION("IF(C62="""","""", GOOGLETRANSLATE(C62, ""auto"", ""en""))"),"Sachin Raut") -> Sachin Raut
A63: 40 | B63: 34 | C63: कुणाल चौधरी | D63: 0 | F63: =IF(E63="Cash", D63, 0) -> 0 | G63: =IF(E63="GPay", D63, 0) -> 0 | H63: =IFERROR(__xludf.DUMMYFUNCTION("IF(C63="""","""", GOOGLETRANSLATE(C63, ""auto"", ""en""))"),"Kunal Choudhary") -> Kunal Choudhary
A64: 40 | B64: 35 | C64: ॐ धानमेहर | D64: 200 | E64: GPay | F64: =IF(E64="Cash", D64, 0) -> 0 | G64: =IF(E64="GPay", D64, 0) -> 200
A65: 40 | B65: 36 | C65: जयेश नाईक | D65: 350 | E65: GPay | F65: =IF(E65="Cash", D65, 0) -> 0 | G65: =IF(E65="GPay", D65, 0) -> 350 | H65: =IFERROR(__xludf.DUMMYFUNCTION("IF(C65="""","""", GOOGLETRANSLATE(C65, ""auto"", ""en""))"),"Jayesh Naik") -> Jayesh Naik
A66: 38 | B66: 1 | C66: प्रीतम चौधरी | D66: 350 | E66: GPay | F66: =IF(E66="Cash", D66, 0) -> 0 | G66: =IF(E66="GPay", D66, 0) -> 350 | H66: =IFERROR(__xludf.DUMMYFUNCTION("IF(C66="""","""", GOOGLETRANSLATE(C66, ""auto"", ""en""))"),"Pritam Chaudhary") -> Pritam Chaudhary
A67: 38 | B67: 2 | C67: प्रतिक चौधरी | D67: 0 | F67: =IF(E67="Cash", D67, 0) -> 0 | G67: =IF(E67="GPay", D67, 0) -> 0 | H67: =IFERROR(__xludf.DUMMYFUNCTION("IF(C67="""","""", GOOGLETRANSLATE(C67, ""auto"", ""en""))"),"Pratik Choudhary") -> Pratik Choudhary
A68: 38 | B68: 3 | C68: अनिश चौधरी | D68: 0 | E68: Pending | F68: =IF(E68="Cash", D68, 0) -> 0 | G68: =IF(E68="GPay", D68, 0) -> 0 | H68: =IFERROR(__xludf.DUMMYFUNCTION("IF(C68="""","""", GOOGLETRANSLATE(C68, ""auto"", ""en""))"),"Anish Chaudhary") -> Anish Chaudhary
A69: 38 | B69: 4 | C69: कांचन चौधरी | D69: 0 | F69: =IF(E69="Cash", D69, 0) -> 0 | G69: =IF(E69="GPay", D69, 0) -> 0 | H69: =IFERROR(__xludf.DUMMYFUNCTION("IF(C69="""","""", GOOGLETRANSLATE(C69, ""auto"", ""en""))"),"Kanchan Chaudhary") -> Kanchan Chaudhary
A70: 38 | B70: 5 | C70: जितू चौधरी | D70: 200 | E70: GPay | F70: =IF(E70="Cash", D70, 0) -> 0 | G70: =IF(E70="GPay", D70, 0) -> 200 | H70: =IFERROR(__xludf.DUMMYFUNCTION("IF(C70="""","""", GOOGLETRANSLATE(C70, ""auto"", ""en""))"),"Jitu Chaudhary") -> Jitu Chaudhary
A71: 38 | B71: 6 | C71: निकेत चौधरी | D71: 350 | E71: GPay | F71: =IF(E71="Cash", D71, 0) -> 0 | G71: =IF(E71="GPay", D71, 0) -> 350 | H71: =IFERROR(__xludf.DUMMYFUNCTION("IF(C71="""","""", GOOGLETRANSLATE(C71, ""auto"", ""en""))"),"Niket Choudhary") -> Niket Choudhary
A72: 38 | B72: 7 | C72: मयूर धनमेहर | D72: 0 | F72: =IF(E72="Cash", D72, 0) -> 0 | G72: =IF(E72="GPay", D72, 0) -> 0 | H72: =IFERROR(__xludf.DUMMYFUNCTION("IF(C72="""","""", GOOGLETRANSLATE(C72, ""auto"", ""en""))"),"Mayur Dhanmehar") -> Mayur Dhanmehar
A73: 38 | B73: 8 | C73: हेमचंद्र मेहेर | D73: 0 | F73: =IF(E73="Cash", D73, 0) -> 0 | G73: =IF(E73="GPay", D73, 0) -> 0 | H73: =IFERROR(__xludf.DUMMYFUNCTION("IF(C73="""","""", GOOGLETRANSLATE(C73, ""auto"", ""en""))"),"Hemchandra Meher") -> Hemchandra Meher
A74: 38 | B74: 9 | C74: हेमंत नाईक | D74: 200 | E74: GPay | F74: =IF(E74="Cash", D74, 0) -> 0 | G74: =IF(E74="GPay", D74, 0) -> 200 | H74: =IFERROR(__xludf.DUMMYFUNCTION("IF(C74="""","""", GOOGLETRANSLATE(C74, ""auto"", ""en""))"),"Hemant Naik") -> Hemant Naik
A75: 38 | B75: 10 | C75: रोहन मेहेर | D75: 200 | E75: Cash | F75: =IF(E75="Cash", D75, 0) -> 200 | G75: =IF(E75="GPay", D75, 0) -> 0 | H75: =IFERROR(__xludf.DUMMYFUNCTION("IF(C75="""","""", GOOGLETRANSLATE(C75, ""auto"", ""en""))"),"Rohan Meher") -> Rohan Meher
A76: 38 | B76: 11 | C76: ध्रुव तांडेल | D76: 350 | E76: Cash | F76: =IF(E76="Cash", D76, 0) -> 350 | G76: =IF(E76="GPay", D76, 0) -> 0 | H76: =IFERROR(__xludf.DUMMYFUNCTION("IF(C76="""","""", GOOGLETRANSLATE(C76, ""auto"", ""en""))"),"Dhruv Tandel") -> Dhruv Tandel
A77: 38 | B77: 12 | C77: यश राऊत | D77: 0 | F77: =IF(E77="Cash", D77, 0) -> 0 | G77: =IF(E77="GPay", D77, 0) -> 0 | H77: =IFERROR(__xludf.DUMMYFUNCTION("IF(C77="""","""", GOOGLETRANSLATE(C77, ""auto"", ""en""))"),"Yash Raut") -> Yash Raut
A78: 38 | B78: 13 | C78: अमोल राऊत | D78: 200 | E78: GPay | F78: =IF(E78="Cash", D78, 0) -> 0 | G78: =IF(E78="GPay", D78, 0) -> 200 | H78: =IFERROR(__xludf.DUMMYFUNCTION("IF(C78="""","""", GOOGLETRANSLATE(C78, ""auto"", ""en""))"),"Amol Raut") -> Amol Raut
A79: 38 | B79: 14 | C79: ध्रुव तांडेल | D79: 350 | E79: Cash | F79: =IF(E79="Cash", D79, 0) -> 350 | G79: =IF(E79="GPay", D79, 0) -> 0 | H79: =IFERROR(__xludf.DUMMYFUNCTION("IF(C79="""","""", GOOGLETRANSLATE(C79, ""auto"", ""en""))"),"Dhruv Tandel") -> Dhruv Tandel
A80: 38 | B80: 15 | C80: चिराग चौधरी | D80: 0 | F80: =IF(E80="Cash", D80, 0) -> 0 | G80: =IF(E80="GPay", D80, 0) -> 0 | H80: =IFERROR(__xludf.DUMMYFUNCTION("IF(C80="""","""", GOOGLETRANSLATE(C80, ""auto"", ""en""))"),"Chirag Chaudhary") -> Chirag Chaudhary
A81: 38 | B81: 16 | C81: नितेश चौधरी | D81: 200 | E81: GPay | F81: =IF(E81="Cash", D81, 0) -> 0 | G81: =IF(E81="GPay", D81, 0) -> 200 | H81: =IFERROR(__xludf.DUMMYFUNCTION("IF(C81="""","""", GOOGLETRANSLATE(C81, ""auto"", ""en""))"),"Nitesh Choudhary") -> Nitesh Choudhary
A82: 38 | B82: 17 | C82: प्रज्योत धनु | D82: 200 | E82: GPay | F82: =IF(E82="Cash", D82, 0) -> 0 | G82: =IF(E82="GPay", D82, 0) -> 200 | H82: =IFERROR(__xludf.DUMMYFUNCTION("IF(C82="""","""", GOOGLETRANSLATE(C82, ""auto"", ""en""))"),"Prajyot Dhanu") -> Prajyot Dhanu
A83: 38 | B83: 18 | C83: तुषार तांडेल | D83: 0 | F83: =IF(E83="Cash", D83, 0) -> 0 | G83: =IF(E83="GPay", D83, 0) -> 0 | H83: =IFERROR(__xludf.DUMMYFUNCTION("IF(C83="""","""", GOOGLETRANSLATE(C83, ""auto"", ""en""))"),"Tushar Tandel") -> Tushar Tandel
A84: 38 | B84: 19 | C84: सोहम आरेकर | D84: 350 | E84: Cash | F84: =IF(E84="Cash", D84, 0) -> 350 | G84: =IF(E84="GPay", D84, 0) -> 0 | H84: =IFERROR(__xludf.DUMMYFUNCTION("IF(C84="""","""", GOOGLETRANSLATE(C84, ""auto"", ""en""))"),"Soham Arekar") -> Soham Arekar
A85: 38 | B85: 20 | C85: प्रणय तांडेल | D85: 200 | E85: Cash | F85: =IF(E85="Cash", D85, 0) -> 200 | G85: =IF(E85="GPay", D85, 0) -> 0 | H85: =IFERROR(__xludf.DUMMYFUNCTION("IF(C85="""","""", GOOGLETRANSLATE(C85, ""auto"", ""en""))"),"Pranaya Tandel") -> Pranaya Tandel
A86: 38 | B86: 21 | C86: अक्षय चौधरी | D86: 200 | E86: GPay | F86: =IF(E86="Cash", D86, 0) -> 0 | G86: =IF(E86="GPay", D86, 0) -> 200 | H86: =IFERROR(__xludf.DUMMYFUNCTION("IF(C86="""","""", GOOGLETRANSLATE(C86, ""auto"", ""en""))"),"Akshay Chaudhary") -> Akshay Chaudhary
A87: 38 | B87: 22 | C87: प्रणय चौधरी | D87: 200 | E87: GPay | F87: =IF(E87="Cash", D87, 0) -> 0 | G87: =IF(E87="GPay", D87, 0) -> 200 | H87: =IFERROR(__xludf.DUMMYFUNCTION("IF(C87="""","""", GOOGLETRANSLATE(C87, ""auto"", ""en""))"),"Pranay Choudhary") -> Pranay Choudhary
A88: 38 | B88: 23 | C88: अमोल पाटील | D88: 200 | E88: Cash | F88: =IF(E88="Cash", D88, 0) -> 200 | G88: =IF(E88="GPay", D88, 0) -> 0 | H88: =IFERROR(__xludf.DUMMYFUNCTION("IF(C88="""","""", GOOGLETRANSLATE(C88, ""auto"", ""en""))"),"Amol Patil") -> Amol Patil
A89: 38 | B89: 24 | C89: भुपेश मेहेर | D89: 250 | E89: Cash | F89: =IF(E89="Cash", D89, 0) -> 250 | G89: =IF(E89="GPay", D89, 0) -> 0 | H89: =IFERROR(__xludf.DUMMYFUNCTION("IF(C89="""","""", GOOGLETRANSLATE(C89, ""auto"", ""en""))"),"Bhupesh Meher") -> Bhupesh Meher
A90: 38 | B90: 25 | C90: स्मित तांडेल | D90: 200 | E90: Cash | F90: =IF(E90="Cash", D90, 0) -> 200 | G90: =IF(E90="GPay", D90, 0) -> 0 | H90: =IFERROR(__xludf.DUMMYFUNCTION("IF(C90="""","""", GOOGLETRANSLATE(C90, ""auto"", ""en""))"),"Smile will shine") -> Smile will shine
A91: 38 | B91: 26 | C91: वंश तांडेल | D91: 0 | F91: =IF(E91="Cash", D91, 0) -> 0 | G91: =IF(E91="GPay", D91, 0) -> 0 | H91: =IFERROR(__xludf.DUMMYFUNCTION("IF(C91="""","""", GOOGLETRANSLATE(C91, ""auto"", ""en""))"),"Vansh Tandel") -> Vansh Tandel
A92: 38 | B92: 27 | C92: वंश तांडेल | D92: 0 | F92: =IF(E92="Cash", D92, 0) -> 0 | G92: =IF(E92="GPay", D92, 0) -> 0 | H92: =IFERROR(__xludf.DUMMYFUNCTION("IF(C92="""","""", GOOGLETRANSLATE(C92, ""auto"", ""en""))"),"Vansh Tandel") -> Vansh Tandel
A93: 38 | B93: 28 | C93: वंश तांडेल | D93: 0 | F93: =IF(E93="Cash", D93, 0) -> 0 | G93: =IF(E93="GPay", D93, 0) -> 0 | H93: =IFERROR(__xludf.DUMMYFUNCTION("IF(C93="""","""", GOOGLETRANSLATE(C93, ""auto"", ""en""))"),"Vansh Tandel") -> Vansh Tandel
A94: 38 | B94: 29 | C94: चिरायु केणी | D94: 350 | E94: GPay | F94: =IF(E94="Cash", D94, 0) -> 0 | G94: =IF(E94="GPay", D94, 0) -> 350 | H94: =IFERROR(__xludf.DUMMYFUNCTION("IF(C94="""","""", GOOGLETRANSLATE(C94, ""auto"", ""en""))"),"Viva Keni") -> Viva Keni
A95: 38 | B95: 30 | C95: विनोद मेहेर | D95: 350 | E95: GPay | F95: =IF(E95="Cash", D95, 0) -> 0 | G95: =IF(E95="GPay", D95, 0) -> 350 | H95: =IFERROR(__xludf.DUMMYFUNCTION("IF(C95="""","""", GOOGLETRANSLATE(C95, ""auto"", ""en""))"),"Vinod Meher") -> Vinod Meher
A96: 36 | B96: 1 | C96: हर्ष तामोरे | D96: 200 | E96: Cash | F96: =IF(E96="Cash", D96, 0) -> 200 | G96: =IF(E96="GPay", D96, 0) -> 0 | H96: =IFERROR(__xludf.DUMMYFUNCTION("IF(C96="""","""", GOOGLETRANSLATE(C96, ""auto"", ""en""))"),"Harsh Tamore") -> Harsh Tamore
A97: 36 | B97: 2 | C97: तनिष राऊत | D97: 200 | E97: Cash | F97: =IF(E97="Cash", D97, 0) -> 200 | G97: =IF(E97="GPay", D97, 0) -> 0 | H97: =IFERROR(__xludf.DUMMYFUNCTION("IF(C97="""","""", GOOGLETRANSLATE(C97, ""auto"", ""en""))"),"Tanish Raut") -> Tanish Raut
A98: 36 | B98: 3 | C98: तक्ष चौधरी | D98: 200 | E98: GPay | F98: =IF(E98="Cash", D98, 0) -> 0 | G98: =IF(E98="GPay", D98, 0) -> 200 | H98: =IFERROR(__xludf.DUMMYFUNCTION("IF(C98="""","""", GOOGLETRANSLATE(C98, ""auto"", ""en""))"),"Taksh Choudhary") -> Taksh Choudhary
A99: 36 | B99: 4 | C99: तुषार नाईक | D99: 200 | E99: GPay | F99: =IF(E99="Cash", D99, 0) -> 0 | G99: =IF(E99="GPay", D99, 0) -> 200 | H99: =IFERROR(__xludf.DUMMYFUNCTION("IF(C99="""","""", GOOGLETRANSLATE(C99, ""auto"", ""en""))"),"Tushar Naik") -> Tushar Naik
A100: 36 | B100: 5 | C100: साई मेहेर | D100: 0 | F100: =IF(E100="Cash", D100, 0) -> 0 | G100: =IF(E100="GPay", D100, 0) -> 0 | H100: =IFERROR(__xludf.DUMMYFUNCTION("IF(C100="""","""", GOOGLETRANSLATE(C100, ""auto"", ""en""))"),"Sai Meher") -> Sai Meher
...

Sheet Size Summary
A1: Size | B1: Entries | C1: Total_Amount | D1: Cash | E1: GPay
A2: 46 | B2: =COUNTIF('Complete List'!A$2:A1001, A2) -> 1 | C2: =SUMIF('Complete List'!A$2:A1001, A2, 'Complete List'!D$2:D1001) -> 350 | D2: =SUMIF('Complete List'!A$2:A1001, A2, 'Complete List'!F$2:F1001) -> 350 | E2: =SUMIF('Complete List'!A$2:A1001, A2, 'Complete List'!G$2:G1001) -> 0
A3: 44 | B3: =COUNTIF('Complete List'!A$2:A1001, A3) -> 5 | C3: =SUMIF('Complete List'!A$2:A1001, A3, 'Complete List'!D$2:D1001) -> 1250 | D3: =SUMIF('Complete List'!A$2:A1001, A3, 'Complete List'!F$2:F1001) -> 200 | E3: =SUMIF('Complete List'!A$2:A1001, A3, 'Complete List'!G$2:G1001) -> 1050
A4: 42 | B4: =COUNTIF('Complete List'!A$2:A1001, A4) -> 22 | C4: =SUMIF('Complete List'!A$2:A1001, A4, 'Complete List'!D$2:D1001) -> 4350 | D4: =SUMIF('Complete List'!A$2:A1001, A4, 'Complete List'!F$2:F1001) -> 800 | E4: =SUMIF('Complete List'!A$2:A1001, A4, 'Complete List'!G$2:G1001) -> 3000
A5: 40 | B5: =COUNTIF('Complete List'!A$2:A1001, A5) -> 36 | C5: =SUMIF('Complete List'!A$2:A1001, A5, 'Complete List'!D$2:D1001) -> 6900 | D5: =SUMIF('Complete List'!A$2:A1001, A5, 'Complete List'!F$2:F1001) -> 3150 | E5: =SUMIF('Complete List'!A$2:A1001, A5, 'Complete List'!G$2:G1001) -> 3750
A6: 38 | B6: =COUNTIF('Complete List'!A$2:A1001, A6) -> 30 | C6: =SUMIF('Complete List'!A$2:A1001, A6, 'Complete List'!D$2:D1001) -> 4900 | D6: =SUMIF('Complete List'!A$2:A1001, A6, 'Complete List'!F$2:F1001) -> 2100 | E6: =SUMIF('Complete List'!A$2:A1001, A6, 'Complete List'!G$2:G1001) -> 2800
A7: 36 | B7: =COUNTIF('Complete List'!A$2:A1001, A7) -> 11 | C7: =SUMIF('Complete List'!A$2:A1001, A7, 'Complete List'!D$2:D1001) -> 2000 | D7: =SUMIF('Complete List'!A$2:A1001, A7, 'Complete List'!F$2:F1001) -> 1200 | E7: =SUMIF('Complete List'!A$2:A1001, A7, 'Complete List'!G$2:G1001) -> 800
A8: 32 | B8: =COUNTIF('Complete List'!A$2:A1001, A8) -> 7 | C8: =SUMIF('Complete List'!A$2:A1001, A8, 'Complete List'!D$2:D1001) -> 1450 | D8: =SUMIF('Complete List'!A$2:A1001, A8, 'Complete List'!F$2:F1001) -> 850 | E8: =SUMIF('Complete List'!A$2:A1001, A8, 'Complete List'!G$2:G1001) -> 600
A9: 30 | B9: =COUNTIF('Complete List'!A$2:A1001, A9) -> 5 | C9: =SUMIF('Complete List'!A$2:A1001, A9, 'Complete List'!D$2:D1001) -> 600 | D9: =SUMIF('Complete List'!A$2:A1001, A9, 'Complete List'!F$2:F1001) -> 400 | E9: =SUMIF('Complete List'!A$2:A1001, A9, 'Complete List'!G$2:G1001) -> 200
A10: 28 | B10: =COUNTIF('Complete List'!A$2:A1001, A10) -> 5 | C10: =SUMIF('Complete List'!A$2:A1001, A10, 'Complete List'!D$2:D1001) -> 550 | D10: =SUMIF('Complete List'!A$2:A1001, A10, 'Complete List'!F$2:F1001) -> 350 | E10: =SUMIF('Complete List'!A$2:A1001, A10, 'Complete List'!G$2:G1001) -> 200
A11: 26 | B11: =COUNTIF('Complete List'!A$2:A1001, A11) -> 3 | C11: =SUMIF('Complete List'!A$2:A1001, A11, 'Complete List'!D$2:D1001) -> 400 | D11: =SUMIF('Complete List'!A$2:A1001, A11, 'Complete List'!F$2:F1001) -> 200 | E11: =SUMIF('Complete List'!A$2:A1001, A11, 'Complete List'!G$2:G1001) -> 200
A12: 24 | B12: =COUNTIF('Complete List'!A$2:A1001, A12) -> 10 | C12: =SUMIF('Complete List'!A$2:A1001, A12, 'Complete List'!D$2:D1001) -> 1700 | D12: =SUMIF('Complete List'!A$2:A1001, A12, 'Complete List'!F$2:F1001) -> 500 | E12: =SUMIF('Complete List'!A$2:A1001, A12, 'Complete List'!G$2:G1001) -> 1200
A13: 22 | B13: =COUNTIF('Complete List'!A$2:A1001, A13) -> 7 | C13: =SUMIF('Complete List'!A$2:A1001, A13, 'Complete List'!D$2:D1001) -> 1100 | D13: =SUMIF('Complete List'!A$2:A1001, A13, 'Complete List'!F$2:F1001) -> 450 | E13: =SUMIF('Complete List'!A$2:A1001, A13, 'Complete List'!G$2:G1001) -> 650
A14: 20 | B14: =COUNTIF('Complete List'!A$2:A1001, A14) -> 5 | C14: =SUMIF('Complete List'!A$2:A1001, A14, 'Complete List'!D$2:D1001) -> 900 | D14: =SUMIF('Complete List'!A$2:A1001, A14, 'Complete List'!F$2:F1001) -> 0 | E14: =SUMIF('Complete List'!A$2:A1001, A14, 'Complete List'!G$2:G1001) -> 900
C16: =SUM(C2:C14) -> 26450 | D16: =SUM(D2:D14) -> 10550 | E16: =SUM(E2:E14) -> 15350

Sheet Payment Summary
A1: Payment Mode | B1: Entries | C1: Total_Amount
A2: Cash | B2: =COUNTIF('Complete List'!E$2:E1000, A2) -> 46 | C2: =SUMIF('Complete List'!E$2:E1000, A2, 'Complete List'!D$2:D1000) -> 10750
A3: GPay | B3: =COUNTIF('Complete List'!E$2:E1000, A3) -> 61 | C3: =SUMIF('Complete List'!E$2:E1000, A3, 'Complete List'!D$2:D1000) -> 15350
A4: Pending | B4: =COUNTIF('Complete List'!E$2:E1000, A4) -> 3 | C4: =SUMIF('Complete List'!E$2:E1000, A4, 'Complete List'!D$2:D1000) -> 0
A5: Payment | B5: =COUNTIF('Complete List'!E$2:E1000, A5) -> 0 | C5: =SUMIF('Complete List'!E$2:E1000, A5, 'Complete List'!D$2:D1000) -> 0

Sheet Customer Details
A1: =IFERROR(__xludf.DUMMYFUNCTION("QUERY('Complete List'!A:G, ""SELECT C, A, D, E"", 1)"),"Name") -> Name | B1: =IFERROR(__xludf.DUMMYFUNCTION("""COMPUTED_VALUE"""),"Size") -> Size | C1: =IFERROR(__xludf.DUMMYFUNCTION("""COMPUTED_VALUE"""),"Amount (₹)") -> Amount (₹) | D1: =IFERROR(__xludf.DUMMYFUNCTION("""COMPUTED_VALUE"""),"Payment Mode") -> Payment Mode
A2: =IFERROR(__xludf.DUMMYFUNCTION("""COMPUTED_VALUE"""),"राहुल राऊत ") -> राहुल राऊत | B2: =IFERROR(__xludf.DUMMYFUNCTION("""COMPUTED_VALUE"""),44.0) -> 44 | C2: =IFERROR(__xludf.DUMMYFUNCTION("""COMPUTED_VALUE"""),200.0) -> 200 | D2: =IFERROR(__xludf.DUMMYFUNCTION("""COMPUTED_VALUE"""),"Cash") -> Cash
A3: =IFERROR(__xludf.DUMMYFUNCTION("""COMPUTED_VALUE"""),"वेदांत तांडेल ") -> वेदांत तांडेल | B3: =IFERROR(__xludf.DUMMYFUNCTION("""COMPUTED_VALUE"""),44.0) -> 44 | C3: =IFERROR(__xludf.DUMMYFUNCTION("""COMPUTED_VALUE"""),0.0) -> 0
A4: =IFERROR(__xludf.DUMMYFUNCTION("""COMPUTED_VALUE"""),"राहुल नाईक") -> राहुल नाईक | B4: =IFERROR(__xludf.DUMMYFUNCTION("""COMPUTED_VALUE"""),44.0) -> 44 | C4: =IFERROR(__xludf.DUMMYFUNCTION("""COMPUTED_VALUE"""),350.0) -> 350 | D4: =IFERROR(__xludf.DUMMYFUNCTION("""COMPUTED_VALUE"""),"GPay") -> GPay
A5: =IFERROR(__xludf.DUMMYFUNCTION("""COMPUTED_VALUE"""),"भावनेश मेहेर ") -> भावनेश मेहेर | B5: =IFERROR(__xludf.DUMMYFUNCTION("""COMPUTED_VALUE"""),44.0) -> 44 | C5: =IFERROR(__xludf.DUMMYFUNCTION("""COMPUTED_VALUE"""),350.0) -> 350 | D5: =IFERROR(__xludf.DUMMYFUNCTION("""COMPUTED_VALUE"""),"GPay") -> GPay
A6: =IFERROR(__xludf.DUMMYFUNCTION("""COMPUTED_VALUE"""),"भावनेश मेहेर ") -> भावनेश मेहेर | B6: =IFERROR(__xludf.DUMMYFUNCTION("""COMPUTED_VALUE"""),44.0) -> 44 | C6: =IFERROR(__xludf.DUMMYFUNCTION("""COMPUTED_VALUE"""),350.0) -> 350 | D6: =IFERROR(__xludf.DUMMYFUNCTION("""COMPUTED_VALUE"""),"GPay") -> GPay
A7: =IFERROR(__xludf.DUMMYFUNCTION("""COMPUTED_VALUE"""),"मनीष मेहेर") -> मनीष मेहेर | B7: =IFERROR(__xludf.DUMMYFUNCTION("""COMPUTED_VALUE"""),46.0) -> 46 | C7: =IFERROR(__xludf.DUMMYFUNCTION("""COMPUTED_VALUE"""),350.0) -> 350 | D7: =IFERROR(__xludf.DUMMYFUNCTION("""COMPUTED_VALUE"""),"Cash") -> Cash
A8: =IFERROR(__xludf.DUMMYFUNCTION("""COMPUTED_VALUE"""),"सुनील चौधरी") -> सुनील चौधरी | B8: =IFERROR(__xludf.DUMMYFUNCTION("""COMPUTED_VALUE"""),42.0) -> 42 | C8: =IFERROR(__xludf.DUMMYFUNCTION("""COMPUTED_VALUE"""),350.0) -> 350 | D8: =IFERROR(__xludf.DUMMYFUNCTION("""COMPUTED_VALUE"""),"GPay") -> GPay
A9: =IFERROR(__xludf.DUMMYFUNCTION("""COMPUTED_VALUE"""),"जन्मेश तांडेल ") -> जन्मेश तांडेल | B9: =IFERROR(__xludf.DUMMYFUNCTION("""COMPUTED_VALUE"""),42.0) -> 42 | C9: =IFERROR(__xludf.DUMMYFUNCTION("""COMPUTED_VALUE"""),0.0) -> 0
A10: =IFERROR(__xludf.DUMMYFUNCTION("""COMPUTED_VALUE"""),"रोहन तरे") -> रोहन तरे | B10: =IFERROR(__xludf.DUMMYFUNCTION("""COMPUTED_VALUE"""),42.0) -> 42 | C10: =IFERROR(__xludf.DUMMYFUNCTION("""COMPUTED_VALUE"""),200.0) -> 200 | D10: =IFERROR(__xludf.DUMMYFUNCTION("""COMPUTED_VALUE"""),"Cash") -> Cash
A11: =IFERROR(__xludf.DUMMYFUNCTION("""COMPUTED_VALUE"""),"अजय दादोडे ") -> अजय दादोडे | B11: =IFERROR(__xludf.DUMMYFUNCTION("""COMPUTED_VALUE"""),42.0) -> 42 | C11: =IFERROR(__xludf.DUMMYFUNCTION("""COMPUTED_VALUE"""),200.0) -> 200 | D11: =IFERROR(__xludf.DUMMYFUNCTION("""COMPUTED_VALUE"""),"Cash ") -> Cash
A12: =IFERROR(__xludf.DUMMYFUNCTION("""COMPUTED_VALUE"""),"निलेश मेहेर") -> निलेश मेहेर | B12: =IFERROR(__xludf.DUMMYFUNCTION("""COMPUTED_VALUE"""),42.0) -> 42 | C12: =IFERROR(__xludf.DUMMYFUNCTION("""COMPUTED_VALUE"""),200.0) -> 200 | D12: =IFERROR(__xludf.DUMMYFUNCTION("""COMPUTED_VALUE"""),"GPay") -> GPay
A13: =IFERROR(__xludf.DUMMYFUNCTION("""COMPUTED_VALUE"""),"अतुल तांडेल") -> अतुल तांडेल | B13: =IFERROR(__xludf.DUMMYFUNCTION("""COMPUTED_VALUE"""),42.0) -> 42 | C13: =IFERROR(__xludf.DUMMYFUNCTION("""COMPUTED_VALUE"""),350.0) -> 350 | D13: =IFERROR(__xludf.DUMMYFUNCTION("""COMPUTED_VALUE"""),"GPay") -> GPay
A14: =IFERROR(__xludf.DUMMYFUNCTION("""COMPUTED_VALUE"""),"विनु केणी ") -> विनु केणी | B14: =IFERROR(__xludf.DUMMYFUNCTION("""COMPUTED_VALUE"""),42.0) -> 42
A15: =IFERROR(__xludf.DUMMYFUNCTION("""COMPUTED_VALUE"""),"अमोल राऊत ") -> अमोल राऊत | B15: =IFERROR(__xludf.DUMMYFUNCTION("""COMPUTED_VALUE"""),42.0) -> 42 | C15: =IFERROR(__xludf.DUMMYFUNCTION("""COMPUTED_VALUE"""),200.0) -> 200 | D15: =IFERROR(__xludf.DUMMYFUNCTION("""COMPUTED_VALUE"""),"GPay") -> GPay
A16: =IFERROR(__xludf.DUMMYFUNCTION("""COMPUTED_VALUE"""),"जिग्नेश चौधरी ") -> जिग्नेश चौधरी | B16: =IFERROR(__xludf.DUMMYFUNCTION("""COMPUTED_VALUE"""),42.0) -> 42 | C16: =IFERROR(__xludf.DUMMYFUNCTION("""COMPUTED_VALUE"""),200.0) -> 200 | D16: =IFERROR(__xludf.DUMMYFUNCTION("""COMPUTED_VALUE"""),"GPay") -> GPay
A17: =IFERROR(__xludf.DUMMYFUNCTION("""COMPUTED_VALUE"""),"निखिल मेहेर") -> निखिल मेहेर | B17: =IFERROR(__xludf.DUMMYFUNCTION("""COMPUTED_VALUE"""),42.0) -> 42 | C17: =IFERROR(__xludf.DUMMYFUNCTION("""COMPUTED_VALUE"""),350.0) -> 350
A18: =IFERROR(__xludf.DUMMYFUNCTION("""COMPUTED_VALUE"""),"देव") -> देव | B18: =IFERROR(__xludf.DUMMYFUNCTION("""COMPUTED_VALUE"""),42.0) -> 42 | C18: =IFERROR(__xludf.DUMMYFUNCTION("""COMPUTED_VALUE"""),0.0) -> 0
A19: =IFERROR(__xludf.DUMMYFUNCTION("""COMPUTED_VALUE"""),"अतुल तांडेल ") -> अतुल तांडेल | B19: =IFERROR(__xludf.DUMMYFUNCTION("""COMPUTED_VALUE"""),42.0) -> 42 | C19: =IFERROR(__xludf.DUMMYFUNCTION("""COMPUTED_VALUE"""),200.0) -> 200 | D19: =IFERROR(__xludf.DUMMYFUNCTION("""COMPUTED_VALUE"""),"GPay") -> GPay
A20: =IFERROR(__xludf.DUMMYFUNCTION("""COMPUTED_VALUE"""),"योगेश धनु ") -> योगेश धनु | B20: =IFERROR(__xludf.DUMMYFUNCTION("""COMPUTED_VALUE"""),42.0) -> 42 | C20: =IFERROR(__xludf.DUMMYFUNCTION("""COMPUTED_VALUE"""),200.0) -> 200 | D20: =IFERROR(__xludf.DUMMYFUNCTION("""COMPUTED_VALUE"""),"Cash") -> Cash
A21: =IFERROR(__xludf.DUMMYFUNCTION("""COMPUTED_VALUE"""),"सागर दवणे ") -> सागर दवणे | B21: =IFERROR(__xludf.DUMMYFUNCTION("""COMPUTED_VALUE"""),42.0) -> 42 | C21: =IFERROR(__xludf.DUMMYFUNCTION("""COMPUTED_VALUE"""),0.0) -> 0
A22: =IFERROR(__xludf.DUMMYFUNCTION("""COMPUTED_VALUE"""),"प्रणाली पाटील") -> प्रणाली पाटील | B22: =IFERROR(__xludf.DUMMYFUNCTION("""COMPUTED_VALUE"""),42.0) -> 42 | C22: =IFERROR(__xludf.DUMMYFUNCTION("""COMPUTED_VALUE"""),350.0) -> 350 | D22: =IFERROR(__xludf.DUMMYFUNCTION("""COMPUTED_VALUE"""),"GPay") -> GPay
A23: =IFERROR(__xludf.DUMMYFUNCTION("""COMPUTED_VALUE"""),"तृणाल तरे ") -> तृणाल तरे | B23: =IFERROR(__xludf.DUMMYFUNCTION("""COMPUTED_VALUE"""),42.0) -> 42 | C23: =IFERROR(__xludf.DUMMYFUNCTION("""COMPUTED_VALUE"""),200.0) -> 200 | D23: =IFERROR(__xludf.DUMMYFUNCTION("""COMPUTED_VALUE"""),"Cash") -> Cash
A24: =IFERROR(__xludf.DUMMYFUNCTION("""COMPUTED_VALUE"""),"अक्षय चौधरी") -> अक्षय चौधरी | B24: =IFERROR(__xludf.DUMMYFUNCTION("""COMPUTED_VALUE"""),42.0) -> 42 | C24: =IFERROR(__xludf.DUMMYFUNCTION("""COMPUTED_VALUE"""),200.0) -> 200 | D24: =IFERROR(__xludf.DUMMYFUNCTION("""COMPUTED_VALUE"""),"GPay") -> GPay
A25: =IFERROR(__xludf.DUMMYFUNCTION("""COMPUTED_VALUE"""),"सार्थक दवणे ") -> सार्थक दवणे | B25: =IFERROR(__xludf.DUMMYFUNCTION("""COMPUTED_VALUE"""),42.0) -> 42 | C25: =IFERROR(__xludf.DUMMYFUNCTION("""COMPUTED_VALUE"""),350.0) -> 350 | D25: =IFERROR(__xludf.DUMMYFUNCTION("""COMPUTED_VALUE"""),"GPay") -> GPay
A26: =IFERROR(__xludf.DUMMYFUNCTION("""COMPUTED_VALUE"""),"भावनेश मेहेर ") -> भावनेश मेहेर | B26: =IFERROR(__xludf.DUMMYFUNCTION("""COMPUTED_VALUE"""),42.0) -> 42 | C26: =IFERROR(__xludf.DUMMYFUNCTION("""COMPUTED_VALUE"""),350.0) -> 350 | D26: =IFERROR(__xludf.DUMMYFUNCTION("""COMPUTED_VALUE"""),"GPay") -> GPay
A27: =IFERROR(__xludf.DUMMYFUNCTION("""COMPUTED_VALUE"""),"वैभव राऊत") -> वैभव राऊत | B27: =IFERROR(__xludf.DUMMYFUNCTION("""COMPUTED_VALUE"""),42.0) -> 42 | C27: =IFERROR(__xludf.DUMMYFUNCTION("""COMPUTED_VALUE"""),250.0) -> 250 | D27: =IFERROR(__xludf.DUMMYFUNCTION("""COMPUTED_VALUE"""),"GPay") -> GPay
A28: =IFERROR(__xludf.DUMMYFUNCTION("""COMPUTED_VALUE"""),"मानवेंद्र चौधरी") -> मानवेंद्र चौधरी | B28: =IFERROR(__xludf.DUMMYFUNCTION("""COMPUTED_VALUE"""),42.0) -> 42 | C28: =IFERROR(__xludf.DUMMYFUNCTION("""COMPUTED_VALUE"""),200.0) -> 200 | D28: =IFERROR(__xludf.DUMMYFUNCTION("""COMPUTED_VALUE"""),"Cash") -> Cash
A29: =IFERROR(__xludf.DUMMYFUNCTION("""COMPUTED_VALUE"""),"हर्षित तांडेल") -> हर्षित तांडेल | B29: =IFERROR(__xludf.DUMMYFUNCTION("""COMPUTED_VALUE"""),42.0) -> 42
A30: =IFERROR(__xludf.DUMMYFUNCTION("""COMPUTED_VALUE"""),"ॐ धानमेहर ") -> ॐ धानमेहर | B30: =IFERROR(__xludf.DUMMYFUNCTION("""COMPUTED_VALUE"""),40.0) -> 40 | C30: =IFERROR(__xludf.DUMMYFUNCTION("""COMPUTED_VALUE"""),200.0) -> 200 | D30: =IFERROR(__xludf.DUMMYFUNCTION("""COMPUTED_VALUE"""),"GPay") -> GPay
A31: =IFERROR(__xludf.DUMMYFUNCTION("""COMPUTED_VALUE"""),"दिशांत तांडेल ") -> दिशांत तांडेल | B31: =IFERROR(__xludf.DUMMYFUNCTION("""COMPUTED_VALUE"""),40.0) -> 40 | C31: =IFERROR(__xludf.DUMMYFUNCTION("""COMPUTED_VALUE"""),350.0) -> 350 | D31: =IFERROR(__xludf.DUMMYFUNCTION("""COMPUTED_VALUE"""),"Cash") -> Cash
A32: =IFERROR(__xludf.DUMMYFUNCTION("""COMPUTED_VALUE"""),"जन्मेश राऊत ") -> जन्मेश राऊत | B32: =IFERROR(__xludf.DUMMYFUNCTION("""COMPUTED_VALUE"""),40.0) -> 40 | C32: =IFERROR(__xludf.DUMMYFUNCTION("""COMPUTED_VALUE"""),200.0) -> 200 | D32: =IFERROR(__xludf.DUMMYFUNCTION("""COMPUTED_VALUE"""),"GPay") -> GPay
A33: =IFERROR(__xludf.DUMMYFUNCTION("""COMPUTED_VALUE"""),"जन्मेश राऊत ") -> जन्मेश राऊत | B33: =IFERROR(__xludf.DUMMYFUNCTION("""COMPUTED_VALUE"""),40.0) -> 40 | C33: =IFERROR(__xludf.DUMMYFUNCTION("""COMPUTED_VALUE"""),200.0) -> 200 | D33: =IFERROR(__xludf.DUMMYFUNCTION("""COMPUTED_VALUE"""),"GPay") -> GPay
A34: =IFERROR(__xludf.DUMMYFUNCTION("""COMPUTED_VALUE"""),"रोहन चौधरी") -> रोहन चौधरी | B34: =IFERROR(__xludf.DUMMYFUNCTION("""COMPUTED_VALUE"""),40.0) -> 40 | C34: =IFERROR(__xludf.DUMMYFUNCTION("""COMPUTED_VALUE"""),0.0) -> 0
A35: =IFERROR(__xludf.DUMMYFUNCTION("""COMPUTED_VALUE"""),"निकेत चौधरी ") -> निकेत चौधरी | B35: =IFERROR(__xludf.DUMMYFUNCTION("""COMPUTED_VALUE"""),40.0) -> 40 | C35: =IFERROR(__xludf.DUMMYFUNCTION("""COMPUTED_VALUE"""),350.0) -> 350 | D35: =IFERROR(__xludf.DUMMYFUNCTION("""COMPUTED_VALUE"""),"GPay") -> GPay
A36: =IFERROR(__xludf.DUMMYFUNCTION("""COMPUTED_VALUE"""),"निकेत चौधरी ") -> निकेत चौधरी | B36: =IFERROR(__xludf.DUMMYFUNCTION("""COMPUTED_VALUE"""),40.0) -> 40 | C36: =IFERROR(__xludf.DUMMYFUNCTION("""COMPUTED_VALUE"""),350.0) -> 350 | D36: =IFERROR(__xludf.DUMMYFUNCTION("""COMPUTED_VALUE"""),"GPay") -> GPay
A37: =IFERROR(__xludf.DUMMYFUNCTION("""COMPUTED_VALUE"""),"चेतन तरे") -> चेतन तरे | B37: =IFERROR(__xludf.DUMMYFUNCTION("""COMPUTED_VALUE"""),40.0) -> 40 | C37: =IFERROR(__xludf.DUMMYFUNCTION("""COMPUTED_VALUE"""),200.0) -> 200 | D37: =IFERROR(__xludf.DUMMYFUNCTION("""COMPUTED_VALUE"""),"Cash") -> Cash
A38: =IFERROR(__xludf.DUMMYFUNCTION("""COMPUTED_VALUE"""),"प्रफुल्ल चौधरी") -> प्रफुल्ल चौधरी | B38: =IFERROR(__xludf.DUMMYFUNCTION("""COMPUTED_VALUE"""),40.0) -> 40 | C38: =IFERROR(__xludf.DUMMYFUNCTION("""COMPUTED_VALUE"""),200.0) -> 200 | D38: =IFERROR(__xludf.DUMMYFUNCTION("""COMPUTED_VALUE"""),"Cash") -> Cash
A39: =IFERROR(__xludf.DUMMYFUNCTION("""COMPUTED_VALUE"""),"भावेश चौधरी") -> भावेश चौधरी | B39: =IFERROR(__xludf.DUMMYFUNCTION("""COMPUTED_VALUE"""),40.0) -> 40 | C39: =IFERROR(__xludf.DUMMYFUNCTION("""COMPUTED_VALUE"""),350.0) -> 350 | D39: =IFERROR(__xludf.DUMMYFUNCTION("""COMPUTED_VALUE"""),"GPay") -> GPay
A40: =IFERROR(__xludf.DUMMYFUNCTION("""COMPUTED_VALUE"""),"यश किणी") -> यश किणी | B40: =IFERROR(__xludf.DUMMYFUNCTION("""COMPUTED_VALUE"""),40.0) -> 40 | C40: =IFERROR(__xludf.DUMMYFUNCTION("""COMPUTED_VALUE"""),200.0) -> 200 | D40: =IFERROR(__xludf.DUMMYFUNCTION("""COMPUTED_VALUE"""),"Cash") -> Cash
A41: =IFERROR(__xludf.DUMMYFUNCTION("""COMPUTED_VALUE"""),"महेश चौधरी") -> महेश चौधरी | B41: =IFERROR(__xludf.DUMMYFUNCTION("""COMPUTED_VALUE"""),40.0) -> 40 | C41: =IFERROR(__xludf.DUMMYFUNCTION("""COMPUTED_VALUE"""),200.0) -> 200 | D41: =IFERROR(__xludf.DUMMYFUNCTION("""COMPUTED_VALUE"""),"GPay") -> GPay
A42: =IFERROR(__xludf.DUMMYFUNCTION("""COMPUTED_VALUE"""),"मंगेश चौधरी") -> मंगेश चौधरी | B42: =IFERROR(__xludf.DUMMYFUNCTION("""COMPUTED_VALUE"""),40.0) -> 40 | C42: =IFERROR(__xludf.DUMMYFUNCTION("""COMPUTED_VALUE"""),200.0) -> 200 | D42: =IFERROR(__xludf.DUMMYFUNCTION("""COMPUTED_VALUE"""),"GPay") -> GPay
A43: =IFERROR(__xludf.DUMMYFUNCTION("""COMPUTED_VALUE"""),"चैतन्य नाईक") -> चैतन्य नाईक | B43: =IFERROR(__xludf.DUMMYFUNCTION("""COMPUTED_VALUE"""),40.0) -> 40 | C43: =IFERROR(__xludf.DUMMYFUNCTION("""COMPUTED_VALUE"""),350.0) -> 350 | D43: =IFERROR(__xludf.DUMMYFUNCTION("""COMPUTED_VALUE"""),"Cash") -> Cash
A44: =IFERROR(__xludf.DUMMYFUNCTION("""COMPUTED_VALUE"""),"निखिल मेहेर") -> निखिल मेहेर | B44: =IFERROR(__xludf.DUMMYFUNCTION("""COMPUTED_VALUE"""),40.0) -> 40 | C44: =IFERROR(__xludf.DUMMYFUNCTION("""COMPUTED_VALUE"""),350.0) -> 350 | D44: =IFERROR(__xludf.DUMMYFUNCTION("""COMPUTED_VALUE"""),"Cash") -> Cash
A45: =IFERROR(__xludf.DUMMYFUNCTION("""COMPUTED_VALUE"""),"निखिल मेहेर") -> निखिल मेहेर | B45: =IFERROR(__xludf.DUMMYFUNCTION("""COMPUTED_VALUE"""),40.0) -> 40 | C45: =IFERROR(__xludf.DUMMYFUNCTION("""COMPUTED_VALUE"""),350.0) -> 350 | D45: =IFERROR(__xludf.DUMMYFUNCTION("""COMPUTED_VALUE"""),"Cash") -> Cash
A46: =IFERROR(__xludf.DUMMYFUNCTION("""COMPUTED_VALUE"""),"ध्रुव तांडेल ") -> ध्रुव तांडेल | B46: =IFERROR(__xludf.DUMMYFUNCTION("""COMPUTED_VALUE"""),40.0) -> 40 | C46: =IFERROR(__xludf.DUMMYFUNCTION("""COMPUTED_VALUE"""),350.0) -> 350 | D46: =IFERROR(__xludf.DUMMYFUNCTION("""COMPUTED_VALUE"""),"Cash") -> Cash
A47: =IFERROR(__xludf.DUMMYFUNCTION("""COMPUTED_VALUE"""),"अमोल पाटील. ") -> अमोल पाटील. | B47: =IFERROR(__xludf.DUMMYFUNCTION("""COMPUTED_VALUE"""),40.0) -> 40 | C47: =IFERROR(__xludf.DUMMYFUNCTION("""COMPUTED_VALUE"""),200.0) -> 200 | D47: =IFERROR(__xludf.DUMMYFUNCTION("""COMPUTED_VALUE"""),"Cash") -> Cash
A48: =IFERROR(__xludf.DUMMYFUNCTION("""COMPUTED_VALUE"""),"हार्दिक तरे ") -> हार्दिक तरे | B48: =IFERROR(__xludf.DUMMYFUNCTION("""COMPUTED_VALUE"""),40.0) -> 40 | C48: =IFERROR(__xludf.DUMMYFUNCTION("""COMPUTED_VALUE"""),200.0) -> 200 | D48: =IFERROR(__xludf.DUMMYFUNCTION("""COMPUTED_VALUE"""),"Cash") -> Cash
A49: =IFERROR(__xludf.DUMMYFUNCTION("""COMPUTED_VALUE"""),"भावेश मेहेर") -> भावेश मेहेर | B49: =IFERROR(__xludf.DUMMYFUNCTION("""COMPUTED_VALUE"""),40.0) -> 40 | C49: =IFERROR(__xludf.DUMMYFUNCTION("""COMPUTED_VALUE"""),200.0) -> 200 | D49: =IFERROR(__xludf.DUMMYFUNCTION("""COMPUTED_VALUE"""),"GPay") -> GPay
A50: =IFERROR(__xludf.DUMMYFUNCTION("""COMPUTED_VALUE"""),"नितेश चौधरी") -> नितेश चौधरी | B50: =IFERROR(__xludf.DUMMYFUNCTION("""COMPUTED_VALUE"""),40.0) -> 40 | C50: =IFERROR(__xludf.DUMMYFUNCTION("""COMPUTED_VALUE"""),200.0) -> 200 | D50: =IFERROR(__xludf.DUMMYFUNCTION("""COMPUTED_VALUE"""),"GPay") -> GPay
A51: =IFERROR(__xludf.DUMMYFUNCTION("""COMPUTED_VALUE"""),"कृपेश तांडेल ") -> कृपेश तांडेल | B51: =IFERROR(__xludf.DUMMYFUNCTION("""COMPUTED_VALUE"""),40.0) -> 40 | C51: =IFERROR(__xludf.DUMMYFUNCTION("""COMPUTED_VALUE"""),200.0) -> 200 | D51: =IFERROR(__xludf.DUMMYFUNCTION("""COMPUTED_VALUE"""),"GPay") -> GPay
A52: =IFERROR(__xludf.DUMMYFUNCTION("""COMPUTED_VALUE"""),"कुलदीप नाईक") -> कुलदीप नाईक | B52: =IFERROR(__xludf.DUMMYFUNCTION("""COMPUTED_VALUE"""),40.0) -> 40 | C52: =IFERROR(__xludf.DUMMYFUNCTION("""COMPUTED_VALUE"""),200.0) -> 200 | D52: =IFERROR(__xludf.DUMMYFUNCTION("""COMPUTED_VALUE"""),"Cash") -> Cash
A53: =IFERROR(__xludf.DUMMYFUNCTION("""COMPUTED_VALUE"""),"सागर दवणे ") -> सागर दवणे | B53: =IFERROR(__xludf.DUMMYFUNCTION("""COMPUTED_VALUE"""),40.0) -> 40 | C53: =IFERROR(__xludf.DUMMYFUNCTION("""COMPUTED_VALUE"""),0.0) -> 0
A54: =IFERROR(__xludf.DUMMYFUNCTION("""COMPUTED_VALUE"""),"हर्षित तांडेल ") -> हर्षित तांडेल | B54: =IFERROR(__xludf.DUMMYFUNCTION("""COMPUTED_VALUE"""),40.0) -> 40 | C54: =IFERROR(__xludf.DUMMYFUNCTION("""COMPUTED_VALUE"""),0.0) -> 0
A55: =IFERROR(__xludf.DUMMYFUNCTION("""COMPUTED_VALUE"""),"राकेश पाटील") -> राकेश पाटील | B55: =IFERROR(__xludf.DUMMYFUNCTION("""COMPUTED_VALUE"""),40.0) -> 40 | C55: =IFERROR(__xludf.DUMMYFUNCTION("""COMPUTED_VALUE"""),0.0) -> 0
A56: =IFERROR(__xludf.DUMMYFUNCTION("""COMPUTED_VALUE"""),"संजय दुबळ ") -> संजय दुबळ | B56: =IFERROR(__xludf.DUMMYFUNCTION("""COMPUTED_VALUE"""),40.0) -> 40 | C56: =IFERROR(__xludf.DUMMYFUNCTION("""COMPUTED_VALUE"""),200.0) -> 200 | D56: =IFERROR(__xludf.DUMMYFUNCTION("""COMPUTED_VALUE"""),"GPay") -> GPay
A57: =IFERROR(__xludf.DUMMYFUNCTION("""COMPUTED_VALUE"""),"प्रणय तांडेल ") -> प्रणय तांडेल | B57: =IFERROR(__xludf.DUMMYFUNCTION("""COMPUTED_VALUE"""),40.0) -> 40 | C57: =IFERROR(__xludf.DUMMYFUNCTION("""COMPUTED_VALUE"""),200.0) -> 200 | D57: =IFERROR(__xludf.DUMMYFUNCTION("""COMPUTED_VALUE"""),"Cash") -> Cash
A58: =IFERROR(__xludf.DUMMYFUNCTION("""COMPUTED_VALUE"""),"रोहित तांडेल") -> रोहित तांडेल | B58: =IFERROR(__xludf.DUMMYFUNCTION("""COMPUTED_VALUE"""),40.0) -> 40 | C58: =IFERROR(__xludf.DUMMYFUNCTION("""COMPUTED_VALUE"""),0.0) -> 0
A59: =IFERROR(__xludf.DUMMYFUNCTION("""COMPUTED_VALUE"""),"शांतू बाबा ") -> शांतू बाबा | B59: =IFERROR(__xludf.DUMMYFUNCTION("""COMPUTED_VALUE"""),40.0) -> 40 | C59: =IFERROR(__xludf.DUMMYFUNCTION("""COMPUTED_VALUE"""),0.0) -> 0
A60: =IFERROR(__xludf.DUMMYFUNCTION("""COMPUTED_VALUE"""),"वंश तांडेल") -> वंश तांडेल | B60: =IFERROR(__xludf.DUMMYFUNCTION("""COMPUTED_VALUE"""),40.0) -> 40 | C60: =IFERROR(__xludf.DUMMYFUNCTION("""COMPUTED_VALUE"""),0.0) -> 0
A61: =IFERROR(__xludf.DUMMYFUNCTION("""COMPUTED_VALUE"""),"अमोल राऊत ") -> अमोल राऊत | B61: =IFERROR(__xludf.DUMMYFUNCTION("""COMPUTED_VALUE"""),40.0) -> 40 | C61: =IFERROR(__xludf.DUMMYFUNCTION("""COMPUTED_VALUE"""),350.0) -> 350 | D61: =IFERROR(__xludf.DUMMYFUNCTION("""COMPUTED_VALUE"""),"GPay") -> GPay
A62: =IFERROR(__xludf.DUMMYFUNCTION("""COMPUTED_VALUE"""),"सचिन राऊत ") -> सचिन राऊत | B62: =IFERROR(__xludf.DUMMYFUNCTION("""COMPUTED_VALUE"""),40.0) -> 40 | C62: =IFERROR(__xludf.DUMMYFUNCTION("""COMPUTED_VALUE"""),0.0) -> 0
A63: =IFERROR(__xludf.DUMMYFUNCTION("""COMPUTED_VALUE"""),"कुणाल चौधरी") -> कुणाल चौधरी | B63: =IFERROR(__xludf.DUMMYFUNCTION("""COMPUTED_VALUE"""),40.0) -> 40 | C63: =IFERROR(__xludf.DUMMYFUNCTION("""COMPUTED_VALUE"""),0.0) -> 0
A64: =IFERROR(__xludf.DUMMYFUNCTION("""COMPUTED_VALUE"""),"ॐ धानमेहर ") -> ॐ धानमेहर | B64: =IFERROR(__xludf.DUMMYFUNCTION("""COMPUTED_VALUE"""),40.0) -> 40 | C64: =IFERROR(__xludf.DUMMYFUNCTION("""COMPUTED_VALUE"""),200.0) -> 200 | D64: =IFERROR(__xludf.DUMMYFUNCTION("""COMPUTED_VALUE"""),"GPay") -> GPay
A65: =IFERROR(__xludf.DUMMYFUNCTION("""COMPUTED_VALUE"""),"जयेश नाईक") -> जयेश नाईक | B65: =IFERROR(__xludf.DUMMYFUNCTION("""COMPUTED_VALUE"""),40.0) -> 40 | C65: =IFERROR(__xludf.DUMMYFUNCTION("""COMPUTED_VALUE"""),350.0) -> 350 | D65: =IFERROR(__xludf.DUMMYFUNCTION("""COMPUTED_VALUE"""),"GPay") -> GPay
A66: =IFERROR(__xludf.DUMMYFUNCTION("""COMPUTED_VALUE"""),"प्रीतम चौधरी") -> प्रीतम चौधरी | B66: =IFERROR(__xludf.DUMMYFUNCTION("""COMPUTED_VALUE"""),38.0) -> 38 | C66: =IFERROR(__xludf.DUMMYFUNCTION("""COMPUTED_VALUE"""),350.0) -> 350 | D66: =IFERROR(__xludf.DUMMYFUNCTION("""COMPUTED_VALUE"""),"GPay") -> GPay
A67: =IFERROR(__xludf.DUMMYFUNCTION("""COMPUTED_VALUE"""),"प्रतिक चौधरी") -> प्रतिक चौधरी | B67: =IFERROR(__xludf.DUMMYFUNCTION("""COMPUTED_VALUE"""),38.0) -> 38 | C67: =IFERROR(__xludf.DUMMYFUNCTION("""COMPUTED_VALUE"""),0.0) -> 0
A68: =IFERROR(__xludf.DUMMYFUNCTION("""COMPUTED_VALUE"""),"अनिश चौधरी") -> अनिश चौधरी | B68: =IFERROR(__xludf.DUMMYFUNCTION("""COMPUTED_VALUE"""),38.0) -> 38 | C68: =IFERROR(__xludf.DUMMYFUNCTION("""COMPUTED_VALUE"""),0.0) -> 0 | D68: =IFERROR(__xludf.DUMMYFUNCTION("""COMPUTED_VALUE"""),"Pending") -> Pending
A69: =IFERROR(__xludf.DUMMYFUNCTION("""COMPUTED_VALUE"""),"कांचन चौधरी") -> कांचन चौधरी | B69: =IFERROR(__xludf.DUMMYFUNCTION("""COMPUTED_VALUE"""),38.0) -> 38 | C69: =IFERROR(__xludf.DUMMYFUNCTION("""COMPUTED_VALUE"""),0.0) -> 0
A70: =IFERROR(__xludf.DUMMYFUNCTION("""COMPUTED_VALUE"""),"जितू चौधरी") -> जितू चौधरी | B70: =IFERROR(__xludf.DUMMYFUNCTION("""COMPUTED_VALUE"""),38.0) -> 38 | C70: =IFERROR(__xludf.DUMMYFUNCTION("""COMPUTED_VALUE"""),200.0) -> 200 | D70: =IFERROR(__xludf.DUMMYFUNCTION("""COMPUTED_VALUE"""),"GPay") -> GPay
A71: =IFERROR(__xludf.DUMMYFUNCTION("""COMPUTED_VALUE"""),"निकेत चौधरी") -> निकेत चौधरी | B71: =IFERROR(__xludf.DUMMYFUNCTION("""COMPUTED_VALUE"""),38.0) -> 38 | C71: =IFERROR(__xludf.DUMMYFUNCTION("""COMPUTED_VALUE"""),350.0) -> 350 | D71: =IFERROR(__xludf.DUMMYFUNCTION("""COMPUTED_VALUE"""),"GPay") -> GPay
A72: =IFERROR(__xludf.DUMMYFUNCTION("""COMPUTED_VALUE"""),"मयूर धनमेहर ") -> मयूर धनमेहर | B72: =IFERROR(__xludf.DUMMYFUNCTION("""COMPUTED_VALUE"""),38.0) -> 38 | C72: =IFERROR(__xludf.DUMMYFUNCTION("""COMPUTED_VALUE"""),0.0) -> 0
A73: =IFERROR(__xludf.DUMMYFUNCTION("""COMPUTED_VALUE"""),"हेमचंद्र मेहेर") -> हेमचंद्र मेहेर | B73: =IFERROR(__xludf.DUMMYFUNCTION("""COMPUTED_VALUE"""),38.0) -> 38 | C73: =IFERROR(__xludf.DUMMYFUNCTION("""COMPUTED_VALUE"""),0.0) -> 0
A74: =IFERROR(__xludf.DUMMYFUNCTION("""COMPUTED_VALUE"""),"हेमंत नाईक") -> हेमंत नाईक | B74: =IFERROR(__xludf.DUMMYFUNCTION("""COMPUTED_VALUE"""),38.0) -> 38 | C74: =IFERROR(__xludf.DUMMYFUNCTION("""COMPUTED_VALUE"""),200.0) -> 200 | D74: =IFERROR(__xludf.DUMMYFUNCTION("""COMPUTED_VALUE"""),"GPay") -> GPay
A75: =IFERROR(__xludf.DUMMYFUNCTION("""COMPUTED_VALUE"""),"रोहन मेहेर") -> रोहन मेहेर | B75: =IFERROR(__xludf.DUMMYFUNCTION("""COMPUTED_VALUE"""),38.0) -> 38 | C75: =IFERROR(__xludf.DUMMYFUNCTION("""COMPUTED_VALUE"""),200.0) -> 200 | D75: =IFERROR(__xludf.DUMMYFUNCTION("""COMPUTED_VALUE"""),"Cash") -> Cash
A76: =IFERROR(__xludf.DUMMYFUNCTION("""COMPUTED_VALUE"""),"ध्रुव तांडेल ") -> ध्रुव तांडेल | B76: =IFERROR(__xludf.DUMMYFUNCTION("""COMPUTED_VALUE"""),38.0) -> 38 | C76: =IFERROR(__xludf.DUMMYFUNCTION("""COMPUTED_VALUE"""),350.0) -> 350 | D76: =IFERROR(__xludf.DUMMYFUNCTION("""COMPUTED_VALUE"""),"Cash") -> Cash
A77: =IFERROR(__xludf.DUMMYFUNCTION("""COMPUTED_VALUE"""),"यश राऊत ") -> यश राऊत | B77: =IFERROR(__xludf.DUMMYFUNCTION("""COMPUTED_VALUE"""),38.0) -> 38 | C77: =IFERROR(__xludf.DUMMYFUNCTION("""COMPUTED_VALUE"""),0.0) -> 0
A78: =IFERROR(__xludf.DUMMYFUNCTION("""COMPUTED_VALUE"""),"अमोल राऊत ") -> अमोल राऊत | B78: =IFERROR(__xludf.DUMMYFUNCTION("""COMPUTED_VALUE"""),38.0) -> 38 | C78: =IFERROR(__xludf.DUMMYFUNCTION("""COMPUTED_VALUE"""),200.0) -> 200 | D78: =IFERROR(__xludf.DUMMYFUNCTION("""COMPUTED_VALUE"""),"GPay") -> GPay
A79: =IFERROR(__xludf.DUMMYFUNCTION("""COMPUTED_VALUE"""),"ध्रुव तांडेल ") -> ध्रुव तांडेल | B79: =IFERROR(__xludf.DUMMYFUNCTION("""COMPUTED_VALUE"""),38.0) -> 38 | C79: =IFERROR(__xludf.DUMMYFUNCTION("""COMPUTED_VALUE"""),350.0) -> 350 | D79: =IFERROR(__xludf.DUMMYFUNCTION("""COMPUTED_VALUE"""),"Cash") -> Cash
A80: =IFERROR(__xludf.DUMMYFUNCTION("""COMPUTED_VALUE"""),"चिराग चौधरी ") -> चिराग चौधरी | B80: =IFERROR(__xludf.DUMMYFUNCTION("""COMPUTED_VALUE"""),38.0) -> 38 | C80: =IFERROR(__xludf.DUMMYFUNCTION("""COMPUTED_VALUE"""),0.0) -> 0
A81: =IFERROR(__xludf.DUMMYFUNCTION("""COMPUTED_VALUE"""),"नितेश चौधरी") -> नितेश चौधरी | B81: =IFERROR(__xludf.DUMMYFUNCTION("""COMPUTED_VALUE"""),38.0) -> 38 | C81: =IFERROR(__xludf.DUMMYFUNCTION("""COMPUTED_VALUE"""),200.0) -> 200 | D81: =IFERROR(__xludf.DUMMYFUNCTION("""COMPUTED_VALUE"""),"GPay") -> GPay
A82: =IFERROR(__xludf.DUMMYFUNCTION("""COMPUTED_VALUE"""),"प्रज्योत धनु ") -> प्रज्योत धनु | B82: =IFERROR(__xludf.DUMMYFUNCTION("""COMPUTED_VALUE"""),38.0) -> 38 | C82: =IFERROR(__xludf.DUMMYFUNCTION("""COMPUTED_VALUE"""),200.0) -> 200 | D82: =IFERROR(__xludf.DUMMYFUNCTION("""COMPUTED_VALUE"""),"GPay") -> GPay
A83: =IFERROR(__xludf.DUMMYFUNCTION("""COMPUTED_VALUE"""),"तुषार तांडेल ") -> तुषार तांडेल | B83: =IFERROR(__xludf.DUMMYFUNCTION("""COMPUTED_VALUE"""),38.0) -> 38 | C83: =IFERROR(__xludf.DUMMYFUNCTION("""COMPUTED_VALUE"""),0.0) -> 0
A84: =IFERROR(__xludf.DUMMYFUNCTION("""COMPUTED_VALUE"""),"सोहम आरेकर") -> सोहम आरेकर | B84: =IFERROR(__xludf.DUMMYFUNCTION("""COMPUTED_VALUE"""),38.0) -> 38 | C84: =IFERROR(__xludf.DUMMYFUNCTION("""COMPUTED_VALUE"""),350.0) -> 350 | D84: =IFERROR(__xludf.DUMMYFUNCTION("""COMPUTED_VALUE"""),"Cash") -> Cash
A85: =IFERROR(__xludf.DUMMYFUNCTION("""COMPUTED_VALUE"""),"प्रणय तांडेल") -> प्रणय तांडेल | B85: =IFERROR(__xludf.DUMMYFUNCTION("""COMPUTED_VALUE"""),38.0) -> 38 | C85: =IFERROR(__xludf.DUMMYFUNCTION("""COMPUTED_VALUE"""),200.0) -> 200 | D85: =IFERROR(__xludf.DUMMYFUNCTION("""COMPUTED_VALUE"""),"Cash") -> Cash
A86: =IFERROR(__xludf.DUMMYFUNCTION("""COMPUTED_VALUE"""),"अक्षय चौधरी") -> अक्षय चौधरी | B86: =IFERROR(__xludf.DUMMYFUNCTION("""COMPUTED_VALUE"""),38.0) -> 38 | C86: =IFERROR(__xludf.DUMMYFUNCTION("""COMPUTED_VALUE"""),200.0) -> 200 | D86: =IFERROR(__xludf.DUMMYFUNCTION("""COMPUTED_VALUE"""),"GPay") -> GPay
A87: =IFERROR(__xludf.DUMMYFUNCTION("""COMPUTED_VALUE"""),"प्रणय चौधरी") -> प्रणय चौधरी | B87: =IFERROR(__xludf.DUMMYFUNCTION("""COMPUTED_VALUE"""),38.0) -> 38 | C87: =IFERROR(__xludf.DUMMYFUNCTION("""COMPUTED_VALUE"""),200.0) -> 200 | D87: =IFERROR(__xludf.DUMMYFUNCTION("""COMPUTED_VALUE"""),"GPay") -> GPay
A88: =IFERROR(__xludf.DUMMYFUNCTION("""COMPUTED_VALUE"""),"अमोल पाटील ") -> अमोल पाटील | B88: =IFERROR(__xludf.DUMMYFUNCTION("""COMPUTED_VALUE"""),38.0) -> 38 | C88: =IFERROR(__xludf.DUMMYFUNCTION("""COMPUTED_VALUE"""),200.0) -> 200 | D88: =IFERROR(__xludf.DUMMYFUNCTION("""COMPUTED_VALUE"""),"Cash") -> Cash
A89: =IFERROR(__xludf.DUMMYFUNCTION("""COMPUTED_VALUE"""),"भुपेश मेहेर") -> भुपेश मेहेर | B89: =IFERROR(__xludf.DUMMYFUNCTION("""COMPUTED_VALUE"""),38.0) -> 38 | C89: =IFERROR(__xludf.DUMMYFUNCTION("""COMPUTED_VALUE"""),250.0) -> 250 | D89: =IFERROR(__xludf.DUMMYFUNCTION("""COMPUTED_VALUE"""),"Cash") -> Cash
A90: =IFERROR(__xludf.DUMMYFUNCTION("""COMPUTED_VALUE"""),"स्मित तांडेल") -> स्मित तांडेल | B90: =IFERROR(__xludf.DUMMYFUNCTION("""COMPUTED_VALUE"""),38.0) -> 38 | C90: =IFERROR(__xludf.DUMMYFUNCTION("""COMPUTED_VALUE"""),200.0) -> 200 | D90: =IFERROR(__xludf.DUMMYFUNCTION("""COMPUTED_VALUE"""),"Cash") -> Cash
A91: =IFERROR(__xludf.DUMMYFUNCTION("""COMPUTED_VALUE"""),"वंश तांडेल ") -> वंश तांडेल | B91: =IFERROR(__xludf.DUMMYFUNCTION("""COMPUTED_VALUE"""),38.0) -> 38 | C91: =IFERROR(__xludf.DUMMYFUNCTION("""COMPUTED_VALUE"""),0.0) -> 0
A92: =IFERROR(__xludf.DUMMYFUNCTION("""COMPUTED_VALUE"""),"वंश तांडेल ") -> वंश तांडेल | B92: =IFERROR(__xludf.DUMMYFUNCTION("""COMPUTED_VALUE"""),38.0) -> 38 | C92: =IFERROR(__xludf.DUMMYFUNCTION("""COMPUTED_VALUE"""),0.0) -> 0
A93: =IFERROR(__xludf.DUMMYFUNCTION("""COMPUTED_VALUE"""),"वंश तांडेल ") -> वंश तांडेल | B93: =IFERROR(__xludf.DUMMYFUNCTION("""COMPUTED_VALUE"""),38.0) -> 38 | C93: =IFERROR(__xludf.DUMMYFUNCTION("""COMPUTED_VALUE"""),0.0) -> 0
A94: =IFERROR(__xludf.DUMMYFUNCTION("""COMPUTED_VALUE"""),"चिरायु केणी ") -> चिरायु केणी | B94: =IFERROR(__xludf.DUMMYFUNCTION("""COMPUTED_VALUE"""),38.0) -> 38 | C94: =IFERROR(__xludf.DUMMYFUNCTION("""COMPUTED_VALUE"""),350.0) -> 350 | D94: =IFERROR(__xludf.DUMMYFUNCTION("""COMPUTED_VALUE"""),"GPay") -> GPay
A95: =IFERROR(__xludf.DUMMYFUNCTION("""COMPUTED_VALUE"""),"विनोद मेहेर") -> विनोद मेहेर | B95: =IFERROR(__xludf.DUMMYFUNCTION("""COMPUTED_VALUE"""),38.0) -> 38 | C95: =IFERROR(__xludf.DUMMYFUNCTION("""COMPUTED_VALUE"""),350.0) -> 350 | D95: =IFERROR(__xludf.DUMMYFUNCTION("""COMPUTED_VALUE"""),"GPay") -> GPay
A96: =IFERROR(__xludf.DUMMYFUNCTION("""COMPUTED_VALUE"""),"हर्ष तामोरे ") -> हर्ष तामोरे | B96: =IFERROR(__xludf.DUMMYFUNCTION("""COMPUTED_VALUE"""),36.0) -> 36 | C96: =IFERROR(__xludf.DUMMYFUNCTION("""COMPUTED_VALUE"""),200.0) -> 200 | D96: =IFERROR(__xludf.DUMMYFUNCTION("""COMPUTED_VALUE"""),"Cash") -> Cash
A97: =IFERROR(__xludf.DUMMYFUNCTION("""COMPUTED_VALUE"""),"तनिष राऊत ") -> तनिष राऊत | B97: =IFERROR(__xludf.DUMMYFUNCTION("""COMPUTED_VALUE"""),36.0) -> 36 | C97: =IFERROR(__xludf.DUMMYFUNCTION("""COMPUTED_VALUE"""),200.0) -> 200 | D97: =IFERROR(__xludf.DUMMYFUNCTION("""COMPUTED_VALUE"""),"Cash") -> Cash
A98: =IFERROR(__xludf.DUMMYFUNCTION("""COMPUTED_VALUE"""),"तक्ष चौधरी") -> तक्ष चौधरी | B98: =IFERROR(__xludf.DUMMYFUNCTION("""COMPUTED_VALUE"""),36.0) -> 36 | C98: =IFERROR(__xludf.DUMMYFUNCTION("""COMPUTED_VALUE"""),200.0) -> 200 | D98: =IFERROR(__xludf.DUMMYFUNCTION("""COMPUTED_VALUE"""),"GPay") -> GPay
A99: =IFERROR(__xludf.DUMMYFUNCTION("""COMPUTED_VALUE"""),"तुषार नाईक") -> तुषार नाईक | B99: =IFERROR(__xludf.DUMMYFUNCTION("""COMPUTED_VALUE"""),36.0) -> 36 | C99: =IFERROR(__xludf.DUMMYFUNCTION("""COMPUTED_VALUE"""),200.0) -> 200 | D99: =IFERROR(__xludf.DUMMYFUNCTION("""COMPUTED_VALUE"""),"GPay") -> GPay
A100: =IFERROR(__xludf.DUMMYFUNCTION("""COMPUTED_VALUE"""),"साई मेहेर") -> साई मेहेर | B100: =IFERROR(__xludf.DUMMYFUNCTION("""COMPUTED_VALUE"""),36.0) -> 36 | C100: =IFERROR(__xludf.DUMMYFUNCTION("""COMPUTED_VALUE"""),0.0) -> 0
...
